{"cameraMode":{"drawMode":0,"name":"Shaded","section":"Shading Mode"},"sceneLighting":false,"audioPlay":false,"sceneViewState":{"m_AlwaysRefresh":false,"showFog":true,"showSkybox":false,"showFlares":true,"showImageEffects":true,"showParticleSystems":true,"showVisualEffectGraphs":true,"m_FxEnabled":true},"in2DMode":false,"pivot":{"x":-75.23468017578125,"y":40.181304931640628,"z":47.54999923706055},"rotation":{"x":-0.0023534041829407217,"y":0.9892601370811462,"z":-0.14527463912963868,"w":-0.016026316210627557},"size":2.968637228012085,"orthographic":false}