{"cameraMode":{"drawMode":0,"name":"Shaded","section":"Shading Mode"},"sceneLighting":false,"audioPlay":false,"sceneViewState":{"m_AlwaysRefresh":false,"showFog":true,"showSkybox":false,"showFlares":true,"showImageEffects":true,"showParticleSystems":true,"showVisualEffectGraphs":true,"m_FxEnabled":true},"in2DMode":false,"pivot":{"x":1.7881393432617188e-7,"y":0.6182349920272827,"z":-0.04200398921966553},"rotation":{"x":0.06295172870159149,"y":-0.6298192739486694,"z":0.05132227763533592,"w":0.7724937796592712},"size":0.7871171236038208,"orthographic":false}