{"cameraMode":{"drawMode":0,"name":"Shaded","section":"Shading Mode"},"sceneLighting":false,"audioPlay":false,"sceneViewState":{"m_AlwaysRefresh":false,"showFog":true,"showSkybox":false,"showFlares":true,"showImageEffects":true,"showParticleSystems":true,"showVisualEffectGraphs":true,"m_FxEnabled":true},"in2DMode":false,"pivot":{"x":-0.016014456748962404,"y":0.10471891611814499,"z":0.005183274857699871},"rotation":{"x":-0.37016695737838747,"y":0.4192521572113037,"z":-0.19238144159317017,"w":-0.8064094185829163},"size":0.18620093166828156,"orthographic":false}